{"hidden":{"compendiumList":[],"titleText":"hidden-compendiums","_id":"hidden","compendiums":[],"expanded":false,"colorText":"#000000","fontColorText":"#FFFFFF","type":"CompendiumEntry","entity":"CompendiumFolder","sorting":"a","parent":null,"pathToFolder":[],"folderIcon":null,"visible":true,"depth":1},"default":{"compendiumList":[],"titleText":"Default","_id":"default","colorText":"#000000","compendiums":[],"expanded":false,"fontColorText":"#FFFFFF","type":"CompendiumEntry","entity":"CompendiumFolder","sorting":"a","parent":null,"pathToFolder":[],"folderIcon":null,"visible":true,"depth":1},"cfolder-lc3PWgEjsB":{"_id":"cfolder-lc3PWgEjsB","titleText":"Item","compendiumList":["dnd5e.items","dnd5e.tradegoods","dnd5e.spells","dnd5e.backgrounds","dnd5e.classes","dnd5e.subclasses","dnd5e.classfeatures","dnd5e.races","dnd5e.monsterfeatures"],"colorText":"#000000","fontColorText":"#FFFFFF","compendiums":[{"code":"dnd5e.items","folder":"cfolder-lc3PWgEjsB"},{"code":"dnd5e.tradegoods","folder":"cfolder-lc3PWgEjsB"},{"code":"dnd5e.spells","folder":"cfolder-lc3PWgEjsB"},{"code":"dnd5e.backgrounds","folder":"cfolder-lc3PWgEjsB"},{"code":"dnd5e.classes","folder":"cfolder-lc3PWgEjsB"},{"code":"dnd5e.subclasses","folder":"cfolder-lc3PWgEjsB"},{"code":"dnd5e.classfeatures","folder":"cfolder-lc3PWgEjsB"},{"code":"dnd5e.races","folder":"cfolder-lc3PWgEjsB"},{"code":"dnd5e.monsterfeatures","folder":"cfolder-lc3PWgEjsB"}],"expanded":false,"type":"CompendiumEntry","entity":"CompendiumFolder","sorting":"a","parent":null,"pathToFolder":[],"folderIcon":null,"visible":true,"depth":1},"cfolder-f1df4l0aTl":{"_id":"cfolder-f1df4l0aTl","titleText":"Macro","compendiumList":["world.test","plutonium.macros","wolfer-spheres5e.macros"],"colorText":"#000000","fontColorText":"#FFFFFF","compendiums":[{"code":"plutonium.macros","folder":"cfolder-f1df4l0aTl"},{"code":"wolfer-spheres5e.macros","folder":"cfolder-f1df4l0aTl"}],"expanded":false},"cfolder-OnN68lJtrG":{"_id":"cfolder-OnN68lJtrG","titleText":"Actor","compendiumList":["dnd5e.heroes","dnd5e.monsters"],"colorText":"#000000","fontColorText":"#FFFFFF","compendiums":[{"code":"dnd5e.heroes","folder":"cfolder-OnN68lJtrG"},{"code":"dnd5e.monsters","folder":"cfolder-OnN68lJtrG"}],"expanded":false},"cfolder-8TZ4PdDKy1":{"_id":"cfolder-8TZ4PdDKy1","titleText":"JournalEntry","compendiumList":["dnd5e.rules"],"colorText":"#000000","fontColorText":"#FFFFFF","compendiums":[{"code":"dnd5e.rules","folder":"cfolder-8TZ4PdDKy1"}],"expanded":false},"cfolder-RwKoNf6B01":{"_id":"cfolder-RwKoNf6B01","titleText":"RollTable","compendiumList":["dnd5e.tables"],"colorText":"#000000","fontColorText":"#FFFFFF","compendiums":[{"code":"dnd5e.tables","folder":"cfolder-RwKoNf6B01"}],"expanded":false},"cfolder_jdFm4oJwmO":{"titleText":"Spheres of Might","colorText":"#000000","fontColorText":"#FFFFFF","type":"CompendiumEntry","_id":"cfolder_jdFm4oJwmO","entity":"CompendiumFolder","sorting":"a","parent":"cfolder_3zEb4qrx8X","pathToFolder":["cfolder-lc3PWgEjsB","cfolder_3zEb4qrx8X"],"compendiumList":["wolfer-spheres5e.alchemy","wolfer-spheres5e.athletics","wolfer-spheres5e.barrage","wolfer-spheres5e.barroom","wolfer-spheres5e.beastmastery","wolfer-spheres5e.berserker","wolfer-spheres5e.brute","wolfer-spheres5e.dual-wielding","wolfer-spheres5e.equipment","wolfer-spheres5e.fencing","wolfer-spheres5e.gladiator","wolfer-spheres5e.guardian","wolfer-spheres5e.leadership","wolfer-spheres5e.retribution","wolfer-spheres5e.scoundrel","wolfer-spheres5e.scout","wolfer-spheres5e.shield","wolfer-spheres5e.sniper","wolfer-spheres5e.tinkerer","wolfer-spheres5e.trap","wolfer-spheres5e.warleader","wolfer-spheres5e.wrestling"],"folderIcon":null,"expanded":false,"visible":true,"depth":3,"compendiums":[{"code":"wolfer-spheres5e.alchemy","folder":"cfolder_jdFm4oJwmO"},{"code":"wolfer-spheres5e.athletics","folder":"cfolder_jdFm4oJwmO"},{"code":"wolfer-spheres5e.barrage","folder":"cfolder_jdFm4oJwmO"},{"code":"wolfer-spheres5e.barroom","folder":"cfolder_jdFm4oJwmO"},{"code":"wolfer-spheres5e.beastmastery","folder":"cfolder_jdFm4oJwmO"},{"code":"wolfer-spheres5e.berserker","folder":"cfolder_jdFm4oJwmO"},{"code":"wolfer-spheres5e.brute","folder":"cfolder_jdFm4oJwmO"},{"code":"wolfer-spheres5e.dual-wielding","folder":"cfolder_jdFm4oJwmO"},{"code":"wolfer-spheres5e.equipment","folder":"cfolder_jdFm4oJwmO"},{"code":"wolfer-spheres5e.fencing","folder":"cfolder_jdFm4oJwmO"},{"code":"wolfer-spheres5e.gladiator","folder":"cfolder_jdFm4oJwmO"},{"code":"wolfer-spheres5e.guardian","folder":"cfolder_jdFm4oJwmO"},{"code":"wolfer-spheres5e.leadership","folder":"cfolder_jdFm4oJwmO"},{"code":"wolfer-spheres5e.retribution","folder":"cfolder_jdFm4oJwmO"},{"code":"wolfer-spheres5e.scoundrel","folder":"cfolder_jdFm4oJwmO"},{"code":"wolfer-spheres5e.scout","folder":"cfolder_jdFm4oJwmO"},{"code":"wolfer-spheres5e.shield","folder":"cfolder_jdFm4oJwmO"},{"code":"wolfer-spheres5e.sniper","folder":"cfolder_jdFm4oJwmO"},{"code":"wolfer-spheres5e.tinkerer","folder":"cfolder_jdFm4oJwmO"},{"code":"wolfer-spheres5e.trap","folder":"cfolder_jdFm4oJwmO"},{"code":"wolfer-spheres5e.warleader","folder":"cfolder_jdFm4oJwmO"},{"code":"wolfer-spheres5e.wrestling","folder":"cfolder_jdFm4oJwmO"}]},"cfolder_6icIty5Biy":{"titleText":"Spheres of Power","colorText":"#000000","fontColorText":"#FFFFFF","type":"CompendiumEntry","_id":"cfolder_6icIty5Biy","entity":"CompendiumFolder","sorting":"a","parent":"cfolder_3zEb4qrx8X","pathToFolder":["cfolder-lc3PWgEjsB","cfolder_3zEb4qrx8X"],"compendiumList":["wolfer-spheres5e.alteration","wolfer-spheres5e.conjuration","wolfer-spheres5e.creation","wolfer-spheres5e.dark","wolfer-spheres5e.death","wolfer-spheres5e.destruction","wolfer-spheres5e.divination","wolfer-spheres5e.enhancement","wolfer-spheres5e.fate","wolfer-spheres5e.illusion","wolfer-spheres5e.life","wolfer-spheres5e.light","wolfer-spheres5e.mind","wolfer-spheres5e.nature","wolfer-spheres5e.protection","wolfer-spheres5e.telekinesis","wolfer-spheres5e.time","wolfer-spheres5e.universal","wolfer-spheres5e.warp","wolfer-spheres5e.weather"],"folderIcon":null,"expanded":false,"visible":true,"depth":3,"compendiums":[{"code":"wolfer-spheres5e.alteration","folder":"cfolder_6icIty5Biy"},{"code":"wolfer-spheres5e.conjuration","folder":"cfolder_6icIty5Biy"},{"code":"wolfer-spheres5e.creation","folder":"cfolder_6icIty5Biy"},{"code":"wolfer-spheres5e.dark","folder":"cfolder_6icIty5Biy"},{"code":"wolfer-spheres5e.death","folder":"cfolder_6icIty5Biy"},{"code":"wolfer-spheres5e.destruction","folder":"cfolder_6icIty5Biy"},{"code":"wolfer-spheres5e.divination","folder":"cfolder_6icIty5Biy"},{"code":"wolfer-spheres5e.enhancement","folder":"cfolder_6icIty5Biy"},{"code":"wolfer-spheres5e.fate","folder":"cfolder_6icIty5Biy"},{"code":"wolfer-spheres5e.illusion","folder":"cfolder_6icIty5Biy"},{"code":"wolfer-spheres5e.life","folder":"cfolder_6icIty5Biy"},{"code":"wolfer-spheres5e.light","folder":"cfolder_6icIty5Biy"},{"code":"wolfer-spheres5e.mind","folder":"cfolder_6icIty5Biy"},{"code":"wolfer-spheres5e.nature","folder":"cfolder_6icIty5Biy"},{"code":"wolfer-spheres5e.protection","folder":"cfolder_6icIty5Biy"},{"code":"wolfer-spheres5e.telekinesis","folder":"cfolder_6icIty5Biy"},{"code":"wolfer-spheres5e.time","folder":"cfolder_6icIty5Biy"},{"code":"wolfer-spheres5e.universal","folder":"cfolder_6icIty5Biy"},{"code":"wolfer-spheres5e.warp","folder":"cfolder_6icIty5Biy"},{"code":"wolfer-spheres5e.weather","folder":"cfolder_6icIty5Biy"}]},"cfolder_3zEb4qrx8X":{"titleText":"Spheres5e - General","colorText":"#000000","fontColorText":"#FFFFFF","type":"CompendiumEntry","_id":"cfolder_3zEb4qrx8X","entity":"CompendiumFolder","sorting":"a","parent":"cfolder-lc3PWgEjsB","pathToFolder":["cfolder-lc3PWgEjsB"],"compendiumList":[],"folderIcon":null,"expanded":false,"visible":true,"depth":2,"compendiums":[]},"cfolder_c1tRcIMeR6":{"titleText":"General","colorText":"#000000","fontColorText":"#FFFFFF","type":"CompendiumEntry","_id":"cfolder_c1tRcIMeR6","entity":"CompendiumFolder","sorting":"a","parent":"cfolder_3zEb4qrx8X","pathToFolder":["cfolder-lc3PWgEjsB","cfolder_3zEb4qrx8X"],"compendiumList":["wolfer-spheres5e.power","wolfer-spheres5e.power-features","wolfer-spheres5e.might","wolfer-spheres5e.might-features","wolfer-spheres5e.classes","wolfer-spheres5e.class-features","wolfer-spheres5e.subclasses","wolfer-spheres5e.subclass-features","wolfer-spheres5e.feats","wolfer-spheres5e.martial-traiditions","wolfer-spheres5e.casting-traiditions","wolfer-spheres5e.casting-traiditions-features","wolfer-spheres5e.mundane-weapons"],"folderIcon":null,"expanded":false,"visible":true,"depth":3,"compendiums":[{"code":"wolfer-spheres5e.power","folder":"cfolder_c1tRcIMeR6"},{"code":"wolfer-spheres5e.power-features","folder":"cfolder_c1tRcIMeR6"},{"code":"wolfer-spheres5e.might","folder":"cfolder_c1tRcIMeR6"},{"code":"wolfer-spheres5e.might-features","folder":"cfolder_c1tRcIMeR6"},{"code":"wolfer-spheres5e.classes","folder":"cfolder_c1tRcIMeR6"},{"code":"wolfer-spheres5e.class-features","folder":"cfolder_c1tRcIMeR6"},{"code":"wolfer-spheres5e.subclasses","folder":"cfolder_c1tRcIMeR6"},{"code":"wolfer-spheres5e.subclass-features","folder":"cfolder_c1tRcIMeR6"},{"code":"wolfer-spheres5e.feats","folder":"cfolder_c1tRcIMeR6"},{"code":"wolfer-spheres5e.martial-traiditions","folder":"cfolder_c1tRcIMeR6"},{"code":"wolfer-spheres5e.casting-traiditions","folder":"cfolder_c1tRcIMeR6"},{"code":"wolfer-spheres5e.casting-traiditions-features","folder":"cfolder_c1tRcIMeR6"},{"code":"wolfer-spheres5e.mundane-weapons","folder":"cfolder_c1tRcIMeR6"}]}}