{
	"spheres":[
		{
			"name":"wolfer-spheres5e.alchemy",
			"ids":["hi59w46ttAtiZBA0"]
		},
		{
			"name":"wolfer-spheres5e.athletics",
			"ids":[]
		},
		{
			"name":"wolfer-spheres5e.barrage",
			"ids":[]
		},
		{
			"name":"wolfer-spheres5e.barroom",
			"ids":["APitXya1W3ZfTG4r","hl3hxD2KOYnJhhxL","bQTMxIfY3LaZr8yB","qQl0GjxFUAqjquii"]
		},
		{
			"name":"wolfer-spheres5e.beastmastery",
			"ids":["bUHTVHVrHyqw54gh", "MCakjXZnr4bHFzS8"]
		},
		{
			"name":"wolfer-spheres5e.berserker",
			"ids":["p4kgxLnpzFL3sIFN","caDeEuAq2430Pywk","BPUiqps54PnFHhAx","iq1m7SZHRdhrHqeM"]
		},
		{
			"name":"wolfer-spheres5e.brute",
			"ids":[]
		},
		{
			"name":"wolfer-spheres5e.dual-wielding",
			"ids":[]
		},
		{
			"name":"wolfer-spheres5e.equipment",
			"ids":[]
		},
		{
			"name":"wolfer-spheres5e.fencing",
			"ids":["7GjB8JWMhdx91lhl","wi4xYqxA81O747Ui","SoZSvg65bss9Mz96","GqdVXD0Nl3E4agNR","TtY9qj2wJtQBhYaM","TvdeJagiwW6k8O2w","EtcSpPI48XtJDXf2","g4srgqMH6VWnOolQ","X0WCregd3O387EDT","oktPUBtFoHHPMdSX"]
		},
		{
			"name":"wolfer-spheres5e.gladiator",
			"ids":[]
		},
		{
			"name":"wolfer-spheres5e.guardian",
			"ids":[]
		},
		{
			"name":"wolfer-spheres5e.leadership",
			"ids":[]
		},
		{
			"name":"wolfer-spheres5e.retribution",
			"ids":[]
		},
		{
			"name":"wolfer-spheres5e.scoundrel",
			"ids":["oVEOgvBwojOl1qbQ", "VGfvJjZgwwyDcfED"]
		},
		{
			"name":"wolfer-spheres5e.scout",
			"ids":["xtEmAfndMbm8T9jE","STlYkwY6rOcjlsNE","bgxMUho93gnmHtv1","mwFRgyESNAbhkK0P"]
		},
		{
			"name":"wolfer-spheres5e.shield",
			"ids":[]
		},
		{
			"name":"wolfer-spheres5e.sniper",
			"ids":["8oCocWZCJGmajGsx","vdAiuaWTcv7q38st"]
		},
		{
			"name":"wolfer-spheres5e.tinkerer",
			"ids":[]
		},
		{
			"name":"wolfer-spheres5e.trap",
			"ids":[]
		},
		{
			"name":"wolfer-spheres5e.warleader",
			"ids":[]
		},
		{
			"name":"wolfer-spheres5e.wrestling",
			"ids":[]
		},
		{
			"name":"wolfer-spheres5e.universal",
			"ids":["Ni4jJiMON0gPbzQo"]
		},
		{
			"name":"wolfer-spheres5e.class-features",
			"ids":["fdoOlOeyjpe86Ubr", "R4NbZhl1y5RQ0kDq"]
		},
		{
			"name":"wolfer-spheres5e.subclass-features",
			"ids":["KTyL7Sb1r8xfHfWX", "KTyL7Sb1r8xfHfWX"]
		}
	]
}