{
	"spheres":[
		{
			"name":"wolfer-spheres5e.alteration",
			"ids":[]
		},
		{
			"name":"wolfer-spheres5e.conjuration",
			"ids":[]
		},
		{
			"name":"wolfer-spheres5e.creation",
			"ids":[]
		},
		{
			"name":"wolfer-spheres5e.dark",
			"ids":[]
		},
		{
			"name":"wolfer-spheres5e.death",
			"ids":[]
		},
		{
			"name":"wolfer-spheres5e.destruction",
			"ids":["xVwCUqxuj4bPm2Tj","SrdqyldoDVMuiSJw","TKqzzLGIBOJ03Gm4","GAqqTLhVSe4tyV5y"]
		},
		{
			"name":"wolfer-spheres5e.divination",
			"ids":["9Bm5WHfwlZAU1O9f","USi2E1j5GglOyvcJ","kyMRmJO4ziZKPkCY","1DK2PFc3pUEK5D6w","Y4H7z0iCX9P7TVZ5","BlmrhgbEJY3I38Gy","JaXyKQSbPHuZlh8e","ElRYAXRufydZaxJJ","iBaeHVDW402LlmUU","txUOvR2wqeEb4lR6","fziB1585UYQ6ZicI","kN7NlusFjSo3pBQF","QXlGgzavzhqYSKYg","ai83y8RxTWSYF68j","4wNE5NcpxdPd9a95","tIQP1k8GUNhxGbd9","aVUjHz20kLJVsGQe","Pd9bUSfSeQBRVwYB","0gHUkjlzLQhCtwnu","5n7R5pqIPUPVToui","54dMQJ37z28vx8t6","nw9kji513iwVCnr4","84TspUUdmxILRj2P"]
		},
		{
			"name":"wolfer-spheres5e.enhancement",
			"ids":["UnS7D4TpAseB8Gr5","u8azRw98aR8u6Ohx","FZ5IVYmgQv4xqV3q","POjU6ZenjUzh0Qmr","6z4Qm4dYuIQkKIV0","7U36fBEI3FvYgFaf"]
		},
		{
			"name":"wolfer-spheres5e.fate",
			"ids":[]
		},
		{
			"name":"wolfer-spheres5e.illusion",
			"ids":["oHETtvnwTHhpeWV0","YYPpgiUYFkEXIGgz","JWtKAjGVFd2g9kw9","YfrJfhsub4v3EnhQ","9VZgkFKaaYu51YFC"]
		},
		{
			"name":"wolfer-spheres5e.life",
			"ids":[]
		},
		{
			"name":"wolfer-spheres5e.light",
			"ids":[]
		},
		{
			"name":"wolfer-spheres5e.mind",
			"ids":["SVar1PhjwgpWeG43","g21ASsR1MDoH6p7b","RFvZoLeSKZNs7Agm"]
		},
		{
			"name":"wolfer-spheres5e.nature",
			"ids":[]
		},
		{
			"name":"wolfer-spheres5e.protection",
			"ids":[]
		},
		{
			"name":"wolfer-spheres5e.telekinesis",
			"ids":[]
		},
		{
			"name":"wolfer-spheres5e.time",
			"ids":["i8z7wL1Jg1qi86eX","gjnnQaqH6r0nVe2V","yT40jisJjov8rXyz","27EVO5MsIbF86ryd","RkfP8N7MY4WsTzeT","vwXh2YzkSElBOAxr","qDAWnXAitYqoJoEp","BxN9xDo5B9trVQZP","Pdj52ma3d8QJBI03","maGhYJ4Ufz6NABQm","iLHq9FZyU0HOscEp","cUhpqSgRjWIZEoBV","TvuoWFbB5NT27S8Z","naySCIF8Zdw6mUB3","PyCn3aILOiV1AzeH","j9J71ttC582wz08R","kOV81P3wI37cexwV","O7alPqMFSuVbypOp","KIYNjcIaUIjcRdIJ","OvnMqt1nEl98Yemj","0FinWsDmbT0Qv2wd","QMxebSZ9szpQTkyM","XyywDx3BgGrpugNb","CkfWVDqmDr3veJNn","aE0Gum7B6YwvnNoc"]
		},
		{
			"name":"wolfer-spheres5e.universal",
			"ids":["wJTn8UATIcUqxUzt","PEl6jY3sREVd64VB","jpoOM3vhTLQK7RG7"]
		},
		{
			"name":"wolfer-spheres5e.warp",
			"ids":[]
		},
		{
			"name":"wolfer-spheres5e.weather",
			"ids":[]
		}
	]
}