{
  "id": "wolfer-spheres5e",
  "title": "Wolfer's Spheres5e",
  "description": "Compendiums with the features from http://spheres5e.wikidot.com/.",
  "version": "1.2.0",
  "authors": [
    {
      "name": "Wolfer"
    }
  ],
  "compatibility": {
    "minimum": "10",
    "verified": "11"
  },
  "packs": [
    {
      "name": "power",
      "label": "Spheres of Power",
      "path": "packs/power",
      "type": "Item",
      "system": "dnd5e",
      "ownership": {
        "PLAYER": "OBSERVER",
        "ASSISTANT": "OWNER"
      }
    },
    {
      "name": "power-features",
      "label": "Spheres of Power Features",
      "path": "packs/power-features",
      "type": "Item",
      "system": "dnd5e",
      "ownership": {
        "PLAYER": "OBSERVER",
        "ASSISTANT": "OWNER"
      }
    },
    {
      "name": "might",
      "label": "Spheres of Might",
      "path": "packs/might",
      "type": "Item",
      "system": "dnd5e",
      "ownership": {
        "PLAYER": "OBSERVER",
        "ASSISTANT": "OWNER"
      }
    },
    {
      "name": "might-features",
      "label": "Spheres of Might Features",
      "path": "packs/might-features",
      "type": "Item",
      "system": "dnd5e",
      "ownership": {
        "PLAYER": "OBSERVER",
        "ASSISTANT": "OWNER"
      }
    },
    {
      "name": "alchemy",
      "label": "Alchemy Features",
      "path": "packs/alchemy",
      "type": "Item",
      "system": "dnd5e",
      "ownership": {
        "PLAYER": "OBSERVER",
        "ASSISTANT": "OWNER"
      }
    },
    {
      "name": "athletics",
      "label": "Athletics Features",
      "path": "packs/athletics",
      "type": "Item",
      "system": "dnd5e",
      "ownership": {
        "PLAYER": "OBSERVER",
        "ASSISTANT": "OWNER"
      }
    },
    {
      "name": "barrage",
      "label": "Barrage Features",
      "path": "packs/barrage",
      "type": "Item",
      "system": "dnd5e",
      "ownership": {
        "PLAYER": "OBSERVER",
        "ASSISTANT": "OWNER"
      }
    },
    {
      "name": "barroom",
      "label": "Barroom Features",
      "path": "packs/barroom",
      "type": "Item",
      "system": "dnd5e",
      "ownership": {
        "PLAYER": "OBSERVER",
        "ASSISTANT": "OWNER"
      }
    },
    {
      "name": "beastmastery",
      "label": "Beastmastery Features",
      "path": "packs/beastmastery",
      "type": "Item",
      "system": "dnd5e",
      "ownership": {
        "PLAYER": "OBSERVER",
        "ASSISTANT": "OWNER"
      }
    },
    {
      "name": "berserker",
      "label": "Berserker Features",
      "path": "packs/berserker",
      "type": "Item",
      "system": "dnd5e",
      "ownership": {
        "PLAYER": "OBSERVER",
        "ASSISTANT": "OWNER"
      }
    },
    {
      "name": "brute",
      "label": "Brute Features",
      "path": "packs/brute",
      "type": "Item",
      "system": "dnd5e",
      "ownership": {
        "PLAYER": "OBSERVER",
        "ASSISTANT": "OWNER"
      }
    },
    {
      "name": "dual-wielding",
      "label": "Dual Wielding Features",
      "path": "packs/dual-wielding",
      "type": "Item",
      "system": "dnd5e",
      "ownership": {
        "PLAYER": "OBSERVER",
        "ASSISTANT": "OWNER"
      }
    },
    {
      "name": "equipment",
      "label": "Equipment Features",
      "path": "packs/equipment",
      "type": "Item",
      "system": "dnd5e",
      "ownership": {
        "PLAYER": "OBSERVER",
        "ASSISTANT": "OWNER"
      }
    },
    {
      "name": "fencing",
      "label": "Fencing Features",
      "path": "packs/fencing",
      "type": "Item",
      "system": "dnd5e",
      "ownership": {
        "PLAYER": "OBSERVER",
        "ASSISTANT": "OWNER"
      }
    },
    {
      "name": "gladiator",
      "label": "Gladiator Features",
      "path": "packs/gladiator",
      "type": "Item",
      "system": "dnd5e",
      "ownership": {
        "PLAYER": "OBSERVER",
        "ASSISTANT": "OWNER"
      }
    },
    {
      "name": "guardian",
      "label": "Guardian Features",
      "path": "packs/guardian",
      "type": "Item",
      "system": "dnd5e",
      "ownership": {
        "PLAYER": "OBSERVER",
        "ASSISTANT": "OWNER"
      }
    },
    {
      "name": "leadership",
      "label": "Leadership Features",
      "path": "packs/leadership",
      "type": "Item",
      "system": "dnd5e",
      "ownership": {
        "PLAYER": "OBSERVER",
        "ASSISTANT": "OWNER"
      }
    },
    {
      "name": "retribution",
      "label": "Retribution Features",
      "path": "packs/retribution",
      "type": "Item",
      "system": "dnd5e",
      "ownership": {
        "PLAYER": "OBSERVER",
        "ASSISTANT": "OWNER"
      }
    },
    {
      "name": "scoundrel",
      "label": "Scoundrel Features",
      "path": "packs/scoundrel",
      "type": "Item",
      "system": "dnd5e",
      "ownership": {
        "PLAYER": "OBSERVER",
        "ASSISTANT": "OWNER"
      }
    },
    {
      "name": "scout",
      "label": "Scout Features",
      "path": "packs/scout",
      "type": "Item",
      "system": "dnd5e",
      "ownership": {
        "PLAYER": "OBSERVER",
        "ASSISTANT": "OWNER"
      }
    },
    {
      "name": "shield",
      "label": "Shield Features",
      "path": "packs/shield",
      "type": "Item",
      "system": "dnd5e",
      "ownership": {
        "PLAYER": "OBSERVER",
        "ASSISTANT": "OWNER"
      }
    },
    {
      "name": "sniper",
      "label": "Sniper Features",
      "path": "packs/sniper",
      "type": "Item",
      "system": "dnd5e",
      "ownership": {
        "PLAYER": "OBSERVER",
        "ASSISTANT": "OWNER"
      }
    },
    {
      "name": "tinkerer",
      "label": "Tinkerer Features",
      "path": "packs/tinkerer",
      "type": "Item",
      "system": "dnd5e",
      "ownership": {
        "PLAYER": "OBSERVER",
        "ASSISTANT": "OWNER"
      }
    },
    {
      "name": "trap",
      "label": "Trap Features",
      "path": "packs/trap",
      "type": "Item",
      "system": "dnd5e",
      "ownership": {
        "PLAYER": "OBSERVER",
        "ASSISTANT": "OWNER"
      }
    },
    {
      "name": "warleader",
      "label": "Warleader Features",
      "path": "packs/warleader",
      "type": "Item",
      "system": "dnd5e",
      "ownership": {
        "PLAYER": "OBSERVER",
        "ASSISTANT": "OWNER"
      }
    },
    {
      "name": "wrestling",
      "label": "Wrestling Features",
      "path": "packs/wrestling",
      "type": "Item",
      "system": "dnd5e",
      "ownership": {
        "PLAYER": "OBSERVER",
        "ASSISTANT": "OWNER"
      }
    },
    {
      "name": "mundane-weapons",
      "label": "Mundane Weapons",
      "path": "packs/mundane-weapons",
      "type": "Item",
      "system": "dnd5e",
      "ownership": {
        "PLAYER": "OBSERVER",
        "ASSISTANT": "OWNER"
      }
    },
    {
      "name": "alteration",
      "label": "Alteration Features",
      "path": "packs/alteration",
      "type": "Item",
      "system": "dnd5e",
      "ownership": {
        "PLAYER": "OBSERVER",
        "ASSISTANT": "OWNER"
      }
    },
    {
      "name": "conjuration",
      "label": "Conjuration Features",
      "path": "packs/conjuration",
      "type": "Item",
      "system": "dnd5e",
      "ownership": {
        "PLAYER": "OBSERVER",
        "ASSISTANT": "OWNER"
      }
    },
    {
      "name": "creation",
      "label": "Creation Features",
      "path": "packs/creation",
      "type": "Item",
      "system": "dnd5e",
      "ownership": {
        "PLAYER": "OBSERVER",
        "ASSISTANT": "OWNER"
      }
    },
    {
      "name": "dark",
      "label": "Dark Features",
      "path": "packs/dark",
      "type": "Item",
      "system": "dnd5e",
      "ownership": {
        "PLAYER": "OBSERVER",
        "ASSISTANT": "OWNER"
      }
    },
    {
      "name": "death",
      "label": "Death Features",
      "path": "packs/death",
      "type": "Item",
      "system": "dnd5e",
      "ownership": {
        "PLAYER": "OBSERVER",
        "ASSISTANT": "OWNER"
      }
    },
    {
      "name": "destruction",
      "label": "Destruction Features",
      "path": "packs/destruction",
      "type": "Item",
      "system": "dnd5e",
      "ownership": {
        "PLAYER": "OBSERVER",
        "ASSISTANT": "OWNER"
      }
    },
    {
      "name": "divination",
      "label": "Divination Features",
      "path": "packs/divination",
      "type": "Item",
      "system": "dnd5e",
      "ownership": {
        "PLAYER": "OBSERVER",
        "ASSISTANT": "OWNER"
      }
    },
    {
      "name": "enhancement",
      "label": "Enhancement Features",
      "path": "packs/enhancement",
      "type": "Item",
      "system": "dnd5e",
      "ownership": {
        "PLAYER": "OBSERVER",
        "ASSISTANT": "OWNER"
      }
    },
    {
      "name": "fate",
      "label": "Fate Features",
      "path": "packs/fate",
      "type": "Item",
      "system": "dnd5e",
      "ownership": {
        "PLAYER": "OBSERVER",
        "ASSISTANT": "OWNER"
      }
    },
    {
      "name": "illusion",
      "label": "Illusion Features",
      "path": "packs/illusion",
      "type": "Item",
      "system": "dnd5e",
      "ownership": {
        "PLAYER": "OBSERVER",
        "ASSISTANT": "OWNER"
      }
    },
    {
      "name": "life",
      "label": "Life Features",
      "path": "packs/life",
      "type": "Item",
      "system": "dnd5e",
      "ownership": {
        "PLAYER": "OBSERVER",
        "ASSISTANT": "OWNER"
      }
    },
    {
      "name": "light",
      "label": "Light Features",
      "path": "packs/light",
      "type": "Item",
      "system": "dnd5e",
      "ownership": {
        "PLAYER": "OBSERVER",
        "ASSISTANT": "OWNER"
      }
    },
    {
      "name": "mind",
      "label": "Mind Features",
      "path": "packs/mind",
      "type": "Item",
      "system": "dnd5e",
      "ownership": {
        "PLAYER": "OBSERVER",
        "ASSISTANT": "OWNER"
      }
    },
    {
      "name": "nature",
      "label": "Nature Features",
      "path": "packs/nature",
      "type": "Item",
      "system": "dnd5e",
      "ownership": {
        "PLAYER": "OBSERVER",
        "ASSISTANT": "OWNER"
      }
    },
    {
      "name": "protection",
      "label": "Protection Features",
      "path": "packs/protection",
      "type": "Item",
      "system": "dnd5e",
      "ownership": {
        "PLAYER": "OBSERVER",
        "ASSISTANT": "OWNER"
      }
    },
    {
      "name": "telekinesis",
      "label": "Telekinesis Features",
      "path": "packs/telekinesis",
      "type": "Item",
      "system": "dnd5e",
      "ownership": {
        "PLAYER": "OBSERVER",
        "ASSISTANT": "OWNER"
      }
    },
    {
      "name": "time",
      "label": "Time Features",
      "path": "packs/time",
      "type": "Item",
      "system": "dnd5e",
      "ownership": {
        "PLAYER": "OBSERVER",
        "ASSISTANT": "OWNER"
      }
    },
    {
      "name": "universal",
      "label": "Universal Features",
      "path": "packs/universal",
      "type": "Item",
      "system": "dnd5e",
      "ownership": {
        "PLAYER": "OBSERVER",
        "ASSISTANT": "OWNER"
      }
    },
    {
      "name": "warp",
      "label": "Warp Features",
      "path": "packs/warp",
      "type": "Item",
      "system": "dnd5e",
      "ownership": {
        "PLAYER": "OBSERVER",
        "ASSISTANT": "OWNER"
      }
    },
    {
      "name": "weather",
      "label": "Weather Features",
      "path": "packs/weather",
      "type": "Item",
      "system": "dnd5e",
      "ownership": {
        "PLAYER": "OBSERVER",
        "ASSISTANT": "OWNER"
      }
    },
    {
      "name": "classes",
      "label": "Classes",
      "path": "packs/classes",
      "type": "Item",
      "system": "dnd5e",
      "ownership": {
        "PLAYER": "OBSERVER",
        "ASSISTANT": "OWNER"
      }
    },
    {
      "name": "class-features",
      "label": "Class Features",
      "path": "packs/class-features",
      "type": "Item",
      "system": "dnd5e",
      "ownership": {
        "PLAYER": "OBSERVER",
        "ASSISTANT": "OWNER"
      }
    },
    {
      "name": "subclasses",
      "label": "Subclasses",
      "path": "packs/subclasses",
      "type": "Item",
      "system": "dnd5e",
      "ownership": {
        "PLAYER": "OBSERVER",
        "ASSISTANT": "OWNER"
      }
    },
    {
      "name": "subclass-features",
      "label": "Subclass Features",
      "path": "packs/subclass-features",
      "type": "Item",
      "system": "dnd5e",
      "ownership": {
        "PLAYER": "OBSERVER",
        "ASSISTANT": "OWNER"
      }
    },
    {
      "name": "martial-traiditions",
      "label": "Martial Traditions",
      "path": "packs/martial-traiditions",
      "type": "Item",
      "system": "dnd5e",
      "ownership": {
        "PLAYER": "OBSERVER",
        "ASSISTANT": "OWNER"
      }
    },
    {
      "name": "casting-traiditions",
      "label": "Casting Traditions",
      "path": "packs/casting-traiditions",
      "type": "Item",
      "system": "dnd5e",
      "ownership": {
        "PLAYER": "OBSERVER",
        "ASSISTANT": "OWNER"
      }
    },
    {
      "name": "casting-traiditions-features",
      "label": "Casting Traditions Features",
      "path": "packs/casting-traiditions-features",
      "type": "Item",
      "system": "dnd5e",
      "ownership": {
        "PLAYER": "OBSERVER",
        "ASSISTANT": "OWNER"
      }
    },
    {
      "name": "feats",
      "label": "Feats",
      "path": "packs/feats",
      "type": "Item",
      "system": "dnd5e",
      "ownership": {
        "PLAYER": "OBSERVER",
        "ASSISTANT": "OWNER"
      }
    },
    {
      "name": "fighting-styles",
      "label": "Fighting Styles",
      "path": "packs/fighting-styles",
      "type": "Item",
      "system": "dnd5e",
      "ownership": {
        "PLAYER": "OBSERVER",
        "ASSISTANT": "OWNER"
      }
    },
    {
      "name": "macros",
      "label": "Macros",
      "path": "packs/macros",
      "type": "Macro",
      "system": "dnd5e",
      "ownership": {
        "PLAYER": "OBSERVER",
        "ASSISTANT": "OWNER"
      }
    },
    {
      "name": "conjuration-creatures",
      "label": "Conjuration Creatures",
      "path": "packs/conjuration-creatures",
      "type": "Actor",
      "system": "dnd5e",
      "ownership": {
        "PLAYER": "OBSERVER",
        "ASSISTANT": "OWNER"
      }
    }
  ],
  "packFolders": [
	{
	  "name": "Spheres5e Content",
      "sorting": "m",
      "color": "#315203",
      "packs": [
        "classes",
        "might",
        "might-features",
		"martial-traiditions",
		"power",
		"power-features",
		"casting-traiditions",
		"macros"
      ],
	  "folders": [
	    {
		  "name": "Spheres of Might",
		  "sorting": "a",
		  "color": "#640000",
		  "packs": [
			"alchemy",
			"athletics",
			"barrage",
			"barroom",
			"beastmastery",
			"berserker",
			"brute",
			"dual-wielding",
			"equipment",
			"fencing",
			"gladiator",
			"guardian",
			"leadership",
			"retribution",
			"scoundrel",
			"scout",
			"shield",
			"sniper",
			"tinkerer",
			"trap",
			"warleader",
			"wrestling"
		  ]
		},
		{
		  "name": "Spheres of Power",
		  "sorting": "a",
		  "color": "#000064",
		  "packs": [
			"alteration",
			"conjuration",
			"creation",
			"dark",
			"death",
			"destruction",
			"divination",
			"enhancement",
			"fate",
			"illusion",
			"life",
			"light",
			"mind",
			"nature",
			"protection",
			"telekinesis",
			"time",
			"universal",
			"warp",
			"weather"
		  ]
		},
		{
		  "name": "Miscellaneous",
		  "sorting": "a",
		  "color": "#006400",
		  "packs": [
			"casting-traiditions-features",
			"class-features",
			"mundane-weapons",
			"subclasses",
			"subclass-features",
			"fighting-styles",
			"conjuration-creatures"
		  ]
		}
	  ]
	}
  ],
  "scripts": [
	"scripts/destruction-sphere.js"
  ],
  "languages": [
	{
      "lang": "en",
      "name": "English",
      "path": "languages/en.json"
    }
  ],
  "styles": [
	"styles/wolfer-spheres5e.css"
  ],
  "manifest": "https://raw.githubusercontent.com/WolferQT/Spheres5e/main/module.json",
  "download": "https://github.com/WolferQT/Spheres5e/raw/main/wolfer-spheres5e.zip",
  "relationships": {
    "systems": [
      {
        "id": "dnd5e",
        "type": "system"
      }
    ]
  },
  "url": "https://github.com/WolferQT/Spheres5e"
}